{"Chrystal%27s_equation.html": [6.947368421052632, 1896], "Evangelista_Torricelli.html": 2.75, "Heat_equation.html": [4.518518518518518, 1822], "Ideal_gas_equation.html": [1.7421875, 1834], "Biquadratic_equation.html": [7.425925925925926, 1832], "Majorana_equation.html": [2.575916230366492, 1937], "Lindblad_equation.html": [2.690909090909091, 1976], "Pople-Nesbet_equations.html": 1.25, "Fresnel_equations.html": 4.46, "Hill_differential_equation.html": 1.7692307692307692, "Leonard%E2%80%93Merritt_mass_estimator.html": 5.0, "Matrix_difference_equation.html": 1.0, "Bessel%27s_differential_equation.html": 5.775, "Riemann%27s_differential_equation.html": 2.1538461538461537, "Archard_equation.html": 1.9090909090909092, "Ramanujan%E2%80%93Nagell_equation.html": 2.8636363636363638, "Polynomial_equation.html": 4.806451612903226, "Lamm_equation.html": 10.333333333333334, "Julian_Schwinger.html": 1.25, "Blasius_boundary_layer#Falkner\u2013Skan_boundary_layer.html": 2.4245283018867925, "Laplace%27s_tidal_equations.html": 0.26666666666666666, "Prony_equation.html": 7.0, "Heun%27s_equation.html": 16.5, "Vlasov_equation.html": 4.043478260869565, "Augustin-Jean_Fresnel.html": 1.9736842105263157, "Tanaka_equation.html": 5.2, "Schr%C3%B6dinger_equation.html": 2.358695652173913, "Lazarus_Fuchs.html": 2.75, "Osipkov%E2%80%93Merritt_model.html": 9.166666666666666, "Colebrook%E2%80%93White_equation.html": 11.883928571428571, "Sakuma%E2%80%93Hattori_equation.html": 6.956521739130435, "Johnson%E2%80%93Holmquist_equation_of_state.html": 0.3, "Defining_equation_(physical_chemistry).html": 3.606060606060606, "Class_equation.html": 1.0062111801242235, "Kohn%E2%80%93Sham_equations.html": 9.142857142857142, "Colebrook_equation.html": 11.883928571428571, "Young%E2%80%93Dupre_equation.html": 4.7727272727272725, "Michaelis%E2%80%93Menten_kinetics.html": 1.36875, "Richards_equation.html": 3.4, "Equation.html": 3.888888888888889, "Landau%E2%80%93Lifshitz%E2%80%93Gilbert_equation.html": 5.555555555555555, "Hazen%E2%80%93Williams_equation.html": 4.142857142857143, "Jacques_Hadamard.html": 1.0, "Hicks_equation.html": 4.645161290322581, "Kozeny%E2%80%93Carman_equation.html": 0.3333333333333333, "Penman_equation.html": 8.0, "Hardy%E2%80%93Weinberg_principle.html": 2.327272727272727, "Nernst_equation.html": 2.941860465116279, "Telegrapher%27s_equations.html": 1.7087378640776698, "Pafnuty_Chebyshev.html": 1.0, "Buckley%E2%80%93Leverett_equation.html": 1.1666666666666667, "Gauss%27s_law_for_gravity.html": 6.96, "Mark%E2%80%93Houwink_equation.html": 1.0, "List_of_electromagnetism_equations.html": 5.071428571428571, "Roothaan_equations.html": 4.5, "Amp%C3%A8re%27s_circuital_law.html": 5.518518518518518, "Maxime_B%C3%B4cher.html": 2.6666666666666665, "Equation_of_time.html": 8.205128205128204, "Debye%E2%80%93H%C3%BCckel_equation.html": 1.9824561403508771, "Ornstein%E2%80%93Zernike_equation.html": 2.2777777777777777, "Morison_equation.html": 3.3333333333333335, "Helmholtz_equation.html": 8.19047619047619, "Churchill%E2%80%93Bernstein_equation.html": 2.0, "Benjamin%E2%80%93Ono_equation.html": 5.0, "Fokker%E2%80%93Planck_equation.html": 2.9765625, "Seiberg%E2%80%93Witten_equation.html": 1.4022988505747127, "Monge%E2%80%93Amp%C3%A8re_equation.html": 1.8, "Quartic_equation.html": 7.82051282051282, "Johannes_Diderik_van_der_Waals.html": 1.1875, "Equation_of_state.html": 3.15, "Neugebauer_equations.html": 6.5, "Pauli_equation.html": 4.235294117647059, "Aryabhata.html": 5.4, "Maud_Menten.html": 0.6666666666666666, "Nonlinear_Schr%C3%B6dinger_equation.html": 5.423076923076923, "Chen_Ning_Yang.html": 4.0, "Benjamin%E2%80%93Bona%E2%80%93Mahony_equation.html": 2.606060606060606, "Bernoulli%27s_equation.html": 9.411764705882353, "Camassa%E2%80%93Holm_equation.html": 3.085714285714286, "Levy%E2%80%93Mises_equations.html": 0.0, "Swamee%E2%80%93Jain_equation.html": 11.883928571428571, "Relativistic_wave_equations.html": 7.054054054054054, "Exner_equation.html": 1.0833333333333333, "Fredholm_integral_equation.html": 1.7333333333333334, "Harry_Bateman.html": 7.333333333333333, "Black%27s_equation.html": 1.5714285714285714, "Mason%E2%80%93Weaver_equation.html": 1.9466666666666668, "Papapetrou%E2%80%93Dixon_equations.html": 2.75, "Clairaut%27s_equation.html": 3.8823529411764706, "Van_der_Waals_equation.html": 1.7401574803149606, "Ashkin%E2%80%93Teller_model.html": 1.9166666666666667, "Quintic_equation.html": 10.220338983050848, "Laguerre_polynomials.html": 12.5, "Francis_Birch_(geophysicist).html": 2.0, "Aryabhata_equation.html": 1.75, "Strominger%27s_equations.html": 3.0, "Eyring_equation.html": 2.103448275862069, "Cauchy%27s_functional_equation.html": 2.1838235294117645, "Euler%E2%80%93Bernoulli_beam_equation.html": 2.5309734513274336, "List_of_relativistic_equations.html": 4.67816091954023, "Kepler%27s_equation.html": 1.2608695652173914, "Wave_equation.html": 4.625, "Fisher%27s_equation.html": 3.608695652173913, "Chandrasekhar%E2%80%93Page_equations.html": 3.1951219512195124, "Van_der_Pol_oscillator.html": 7.7727272727272725, "Total_differential_equation.html": 4.004716981132075, "Newton%E2%80%93Euler_equations.html": 2.5, "Lyapunov_equation.html": 2.91044776119403, "List_of_equations_in_nuclear_and_particle_physics.html": 3.935483870967742, "Euler_equations_(fluid_dynamics).html": 4.276595744680851, "Kolmogorov_backward_equation.html": 1.7916666666666667, "Adams%E2%80%93Williamson_equation.html": 5.0, "Kaup%E2%80%93Kupershmidt_equation.html": 2.5, "Maxwell_relations.html": 2.1752577319587627, "Chapman%E2%80%93Kolmogorov_equation.html": 1.8571428571428572, "List_of_laws_in_science.html": 5.041666666666667, "Henderson%E2%80%93Hasselbalch_equation.html": 2.1951219512195124, "Magnetohydrodynamics#Ideal_MHD_equations.html": 3.760869565217391, "Fenske_equation.html": 0.09090909090909091, "Bridgman%27s_thermodynamic_equations.html": 1.08, "Erwin_Madelung.html": 1.0, "Dirac_equation_in_the_algebra_of_physical_space.html": 2.3658536585365852, "Ernst_equation.html": 4.0, "Difference_equation.html": 2.1206896551724137, "F%C3%B6ppl%E2%80%93von_K%C3%A1rm%C3%A1n_equations.html": 8.11111111111111, "Thermochemical_equation.html": 0.85, "Callan%E2%80%93Symanzik_equation.html": 1.736842105263158, "Verhulst_equation.html": 1.6075949367088607, "Cauchy_momentum_equation.html": 5.590909090909091, "Avrami_equation.html": 3.5681818181818183, "Hill_equation_(biochemistry).html": 1.4680851063829787, "Mathisson%E2%80%93Papapetrou%E2%80%93Dixon_equations.html": 2.75, "Scientific_constants_named_after_people.html": 0.0, "Swift%E2%80%93Hohenberg_equation.html": 10.0, "Ces%C3%A0ro_equation.html": 2.1052631578947367, "Riemann_theta_function.html": 5.214689265536723, "Green%E2%80%93Kubo_relations.html": 1.875, "Saha_ionization_equation.html": 1.5588235294117647, "Rarita%E2%80%93Schwinger_equation.html": 2.269230769230769, "Wiener_equation.html": 0.0, "Jacob_Bernoulli.html": 5.0, "Li%C3%B1%C3%A1n%27s_equation.html": 3.2903225806451615, "K%C3%A1rm%C3%A1n%E2%80%93Howarth_equation.html": 3.7058823529411766, "Gross%E2%80%93Pitaevskii_equation.html": 4.69620253164557, "Riemann_zeta_function.html": 6.186813186813187, "Vis-viva_equation.html": 3.7083333333333335, "Maxwell%27s_equations.html": 4.177215189873418, "Parametric_equation.html": 3.3636363636363638, "Breit_equation.html": 1.5714285714285714, "Aeroacoustics#Related_model_equations.html": 3.1666666666666665, "Lorentz%E2%80%93Lorenz_equation.html": 4.363636363636363, "Barotropic_vorticity_equation.html": 4.0, "Zakai_equation.html": 2.2857142857142856, "Ordinary_differential_equation.html": 2.354285714285714, "Picard%E2%80%93Fuchs_equation.html": 2.2222222222222223, "Haaland_equation.html": 11.883928571428571, "Chaplygin%27s_equation.html": 2.064516129032258, "Dehn%E2%80%93Sommerville_equations.html": 9.714285714285714, "Relativistic_Euler_equations.html": 6.7105263157894735, "ISSN_(identifier).html": 0.0, "Freeman_Dyson.html": 2.5, "Cubic_equation.html": 5.267241379310345,